prompt_length,prompt,generated_answer,reference_answer,TTFT,ATL,GL,TPS,SPS,Memory Usage (MB),Model Size (MB),Overhead (MB),GPU_Utilization (%),Total Energy (Wh),Energy per Token (J/token),Energy per Sentence (J/sentence),Energy per Second (W),ROUGE-1,ROUGE-L,BERTScore
708,"You are a headline generation assistant. Given a news article, produce a concise and informative headline.

Here are some examples:
News: Scientists have discovered a new exoplanet that appears to have water on its surface, raising hopes it may be habitable.
Headline: New exoplanet may support life

News: The stock market experienced a significant downturn today, with major indices falling sharply amid economic uncertainty.
Headline: Stock market plunges amid economic fears

Generate just the answer, without repeating the question. Now it's your turn:

News: japan 's nec corp. and UNK computer corp. of the united states said wednesday they had agreed to join forces in supercomputer sales .
Headline:","You are a headline generation assistant. Given a news article, produce a concise and informative headline.",nec UNK in computer sales tie-up,0.274,0.1135,2.1572,9.27,1.39,8499.88,5455.15159702301,3044.728402976989,33,0.030728,5.531037,36.873581,51.28,0.0,0.0,0.8157704472541809
